1	1548367826796	0.1	-0.144	9.674	still20
2	1548367826797	0.096	-0.141	9.679	still20
3	1548367826842	0.093	-0.146	9.686	still20
4	1548367826843	0.11	-0.139	9.689	still20
5	1548367826844	0.122	-0.144	9.703	still20
6	1548367826872	0.096	-0.141	9.679	still20
7	1548367826881	0.117	-0.134	9.693	still20
8	1548367826899	0.122	-0.129	9.696	still20
9	1548367826922	0.12	-0.129	9.696	still20
10	1548367826938	0.122	-0.134	9.696	still20
11	1548367826958	0.1	-0.146	9.669	still20
12	1548367826977	0.103	-0.16	9.66	still20
13	1548367826995	0.11	-0.132	9.684	still20
14	1548367827014	0.124	-0.129	9.689	still20
15	1548367827032	0.093	-0.141	9.667	still20
16	1548367827052	0.115	-0.134	9.681	still20
17	1548367827073	0.115	-0.132	9.679	still20
18	1548367827091	0.112	-0.136	9.693	still20
19	1548367827110	0.098	-0.141	9.665	still20
20	1548367827130	0.096	-0.139	9.677	still20
21	1548367827151	0.091	-0.148	9.679	still20
22	1548367827170	0.103	-0.156	9.677	still20
23	1548367827188	0.1	-0.144	9.669	still20
24	1548367827209	0.105	-0.146	9.672	still20
25	1548367827229	0.12	-0.129	9.681	still20
26	1548367827248	0.096	-0.148	9.686	still20
27	1548367827268	0.115	-0.153	9.662	still20
28	1548367827284	0.098	-0.151	9.679	still20
29	1548367827306	0.122	-0.132	9.691	still20
30	1548367827320	0.105	-0.136	9.681	still20
31	1548367827340	0.108	-0.134	9.672	still20
32	1548367827359	0.089	-0.153	9.684	still20
33	1548367827379	0.098	-0.139	9.681	still20
34	1548367827397	0.124	-0.129	9.693	still20
35	1548367827418	0.115	-0.134	9.681	still20
36	1548367827436	0.084	-0.144	9.681	still20
37	1548367827456	0.105	-0.136	9.686	still20
38	1548367827475	0.124	-0.127	9.689	still20
39	1548367827493	0.096	-0.153	9.689	still20
40	1548367827515	0.117	-0.144	9.701	still20
41	1548367827532	0.096	-0.141	9.681	still20
42	1548367827551	0.093	-0.156	9.677	still20
43	1548367827569	0.103	-0.136	9.677	still20
44	1548367827588	0.1	-0.136	9.681	still20
45	1548367827609	0.124	-0.132	9.698	still20
46	1548367827627	0.122	-0.124	9.693	still20
47	1548367827649	0.098	-0.141	9.665	still20
48	1548367827667	0.124	-0.117	9.689	still20
49	1548367827683	0.112	-0.136	9.672	still20
50	1548367827703	0.093	-0.148	9.672	still20
51	1548367827722	0.086	-0.148	9.686	still20
52	1548367827742	0.115	-0.127	9.677	still20
53	1548367827765	0.105	-0.141	9.681	still20
54	1548367827779	0.108	-0.148	9.669	still20
55	1548367827798	0.12	-0.129	9.684	still20
56	1548367827819	0.12	-0.129	9.693	still20
57	1548367827837	0.096	-0.141	9.672	still20
58	1548367827855	0.105	-0.132	9.667	still20
59	1548367827875	0.1	-0.144	9.679	still20
60	1548367827895	0.11	-0.134	9.684	still20
61	1548367827914	0.108	-0.129	9.679	still20
62	1548367827932	0.105	-0.136	9.689	still20
63	1548367827951	0.1	-0.136	9.667	still20
64	1548367827970	0.124	-0.127	9.701	still20
65	1548367827989	0.127	-0.127	9.701	still20
66	1548367828009	0.089	-0.132	9.672	still20
67	1548367828028	0.105	-0.134	9.677	still20
68	1548367828046	0.122	-0.136	9.703	still20
69	1548367828066	0.127	-0.134	9.696	still20
70	1548367828084	0.112	-0.132	9.703	still20
71	1548367828103	0.117	-0.132	9.684	still20
72	1548367828124	0.115	-0.122	9.679	still20
73	1548367828141	0.098	-0.139	9.674	still20
74	1548367828160	0.117	-0.132	9.689	still20
75	1548367828181	0.12	-0.132	9.679	still20
76	1548367828198	0.089	-0.148	9.679	still20
77	1548367828217	0.122	-0.127	9.698	still20
78	1548367828236	0.098	-0.146	9.684	still20
79	1548367828255	0.127	-0.127	9.696	still20
80	1548367828274	0.108	-0.129	9.681	still20
81	1548367828295	0.1	-0.146	9.684	still20
82	1548367828314	0.129	-0.132	9.705	still20
83	1548367828333	0.091	-0.134	9.679	still20
84	1548367828351	0.117	-0.141	9.698	still20
85	1548367828370	0.096	-0.151	9.681	still20
86	1548367828391	0.098	-0.151	9.691	still20
87	1548367828408	0.103	-0.158	9.672	still20
88	1548367828427	0.091	-0.146	9.681	still20
89	1548367828447	0.103	-0.148	9.669	still20
90	1548367828465	0.089	-0.144	9.681	still20
91	1548367828484	0.098	-0.146	9.672	still20
92	1548367828504	0.093	-0.146	9.672	still20
93	1548367828523	0.093	-0.148	9.667	still20
94	1548367828541	0.1	-0.144	9.657	still20
95	1548367828561	0.12	-0.129	9.689	still20
96	1548367828581	0.098	-0.146	9.684	still20
97	1548367828599	0.096	-0.151	9.669	still20
98	1548367828620	0.098	-0.144	9.672	still20
99	1548367828638	0.122	-0.124	9.691	still20
100	1548367828655	0.12	-0.134	9.684	still20
101	1548367828674	0.12	-0.141	9.705	still20
102	1548367828693	0.12	-0.124	9.689	still20
103	1548367828711	0.129	-0.117	9.696	still20
104	1548367828730	0.11	-0.134	9.672	still20
105	1548367828753	0.103	-0.148	9.669	still20
106	1548367828772	0.124	-0.117	9.689	still20
107	1548367828790	0.084	-0.144	9.669	still20
108	1548367828808	0.117	-0.124	9.689	still20
109	1548367828826	0.122	-0.139	9.705	still20
110	1548367828847	0.122	-0.129	9.698	still20
111	1548367828864	0.108	-0.134	9.691	still20
112	1548367828886	0.093	-0.148	9.669	still20
113	1548367828905	0.093	-0.148	9.672	still20
114	1548367828921	0.096	-0.151	9.679	still20
115	1548367828941	0.105	-0.141	9.677	still20
116	1548367828961	0.096	-0.153	9.677	still20
117	1548367828982	0.117	-0.141	9.703	still20
118	1548367828998	0.127	-0.124	9.689	still20
119	1548367829017	0.117	-0.132	9.691	still20
120	1548367829038	0.103	-0.139	9.674	still20
121	1548367829057	0.098	-0.141	9.677	still20
122	1548367829075	0.117	-0.122	9.681	still20
123	1548367829095	0.122	-0.12	9.674	still20
124	1548367829113	0.096	-0.153	9.677	still20
125	1548367829132	0.115	-0.141	9.693	still20
126	1548367829151	0.117	-0.12	9.684	still20
127	1548367829170	0.117	-0.132	9.689	still20
128	1548367829188	0.091	-0.139	9.677	still20
129	1548367829210	0.117	-0.136	9.693	still20
130	1548367829228	0.105	-0.134	9.677	still20
131	1548367829248	0.091	-0.151	9.669	still20
132	1548367829267	0.091	-0.139	9.672	still20
133	1548367829285	0.086	-0.156	9.696	still20
134	1548367829303	0.117	-0.129	9.684	still20
135	1548367829322	0.086	-0.144	9.677	still20
136	1548367829342	0.12	-0.129	9.679	still20
137	1548367829361	0.124	-0.124	9.674	still20
138	1548367829378	0.112	-0.127	9.684	still20
139	1548367829397	0.091	-0.146	9.681	still20
140	1548367829417	0.105	-0.129	9.679	still20
141	1548367829438	0.112	-0.129	9.693	still20
142	1548367829457	0.115	-0.129	9.684	still20
143	1548367829477	0.112	-0.129	9.677	still20
144	1548367829498	0.122	-0.132	9.691	still20
145	1548367829513	0.117	-0.132	9.696	still20
146	1548367829533	0.112	-0.127	9.674	still20
147	1548367829552	0.108	-0.146	9.657	still20
148	1548367829571	0.108	-0.141	9.677	still20
149	1548367829590	0.115	-0.132	9.701	still20
150	1548367829608	0.108	-0.122	9.684	still20
151	1548367829626	0.1	-0.151	9.657	still20
152	1548367829645	0.12	-0.129	9.684	still20
153	1548367829664	0.117	-0.132	9.679	still20
154	1548367829686	0.108	-0.148	9.672	still20
155	1548367829702	0.124	-0.134	9.689	still20
156	1548367829719	0.108	-0.136	9.679	still20
157	1548367829740	0.098	-0.144	9.677	still20
158	1548367829759	0.117	-0.122	9.684	still20
159	1548367829777	0.127	-0.129	9.698	still20
160	1548367829798	0.091	-0.148	9.679	still20
161	1548367829819	0.098	-0.136	9.677	still20
162	1548367829837	0.091	-0.127	9.674	still20
163	1548367829855	0.105	-0.141	9.679	still20
164	1548367829875	0.12	-0.127	9.684	still20
165	1548367829895	0.086	-0.151	9.689	still20
166	1548367829914	0.117	-0.127	9.674	still20
167	1548367829932	0.098	-0.141	9.674	still20
168	1548367829951	0.127	-0.129	9.689	still20
169	1548367829970	0.098	-0.139	9.684	still20
170	1548367829988	0.089	-0.134	9.667	still20
171	1548367830007	0.1	-0.144	9.689	still20
172	1548367830026	0.112	-0.129	9.679	still20
173	1548367830049	0.096	-0.151	9.679	still20
174	1548367830064	0.105	-0.141	9.677	still20
175	1548367830085	0.11	-0.16	9.66	still20
176	1548367830104	0.112	-0.136	9.686	still20
177	1548367830123	0.122	-0.122	9.681	still20
178	1548367830140	0.122	-0.129	9.693	still20
179	1548367830158	0.115	-0.134	9.684	still20
180	1548367830177	0.091	-0.141	9.672	still20
181	1548367830199	0.108	-0.134	9.667	still20
182	1548367830217	0.112	-0.127	9.684	still20
183	1548367830237	0.084	-0.151	9.679	still20
184	1548367830256	0.115	-0.132	9.681	still20
185	1548367830278	0.105	-0.139	9.681	still20
186	1548367830294	0.122	-0.132	9.684	still20
187	1548367830316	0.096	-0.141	9.686	still20
188	1548367830333	0.127	-0.124	9.696	still20
189	1548367830352	0.093	-0.141	9.686	still20
190	1548367830372	0.122	-0.139	9.701	still20
191	1548367830390	0.112	-0.127	9.686	still20
192	1548367830408	0.091	-0.144	9.684	still20
193	1548367830426	0.1	-0.144	9.679	still20
194	1548367830445	0.122	-0.117	9.696	still20
195	1548367830464	0.098	-0.148	9.672	still20
196	1548367830483	0.108	-0.16	9.667	still20
197	1548367830505	0.122	-0.132	9.677	still20
198	1548367830528	0.129	-0.134	9.691	still20
199	1548367830538	0.124	-0.122	9.689	still20
200	1548367830558	0.124	-0.129	9.686	still20
201	1548367830580	0.115	-0.141	9.696	still20
202	1548367830597	0.105	-0.153	9.674	still20
203	1548367830618	0.117	-0.127	9.698	still20
204	1548367830638	0.103	-0.151	9.677	still20
205	1548367830657	0.093	-0.146	9.672	still20
206	1548367830675	0.11	-0.136	9.674	still20
207	1548367830694	0.12	-0.12	9.686	still20
208	1548367830713	0.11	-0.134	9.679	still20
209	1548367830734	0.093	-0.139	9.669	still20
210	1548367830752	0.11	-0.136	9.686	still20
211	1548367830773	0.093	-0.136	9.662	still20
212	1548367830791	0.096	-0.144	9.674	still20
213	1548367830808	0.093	-0.144	9.665	still20
214	1548367830828	0.103	-0.141	9.681	still20
215	1548367830848	0.127	-0.117	9.696	still20
216	1548367830865	0.12	-0.132	9.698	still20
217	1548367830884	0.096	-0.148	9.681	still20
218	1548367830904	0.096	-0.148	9.679	still20
219	1548367830923	0.122	-0.134	9.701	still20
220	1548367830942	0.12	-0.115	9.679	still20
221	1548367830962	0.124	-0.127	9.701	still20
222	1548367830979	0.11	-0.132	9.684	still20
223	1548367830998	0.117	-0.132	9.686	still20
224	1548367831018	0.091	-0.148	9.684	still20
225	1548367831035	0.103	-0.144	9.674	still20
226	1548367831054	0.117	-0.127	9.677	still20
227	1548367831074	0.108	-0.139	9.689	still20
228	1548367831092	0.108	-0.139	9.681	still20
229	1548367831112	0.108	-0.146	9.669	still20
230	1548367831131	0.1	-0.141	9.679	still20
231	1548367831149	0.124	-0.132	9.705	still20
232	1548367831170	0.122	-0.115	9.698	still20
233	1548367831189	0.117	-0.122	9.677	still20
234	1548367831206	0.108	-0.148	9.662	still20
235	1548367831225	0.12	-0.129	9.686	still20
236	1548367831245	0.127	-0.129	9.708	still20
237	1548367831264	0.112	-0.141	9.705	still20
238	1548367831284	0.103	-0.163	9.667	still20
239	1548367831304	0.117	-0.129	9.693	still20
240	1548367831324	0.103	-0.139	9.684	still20
241	1548367831343	0.127	-0.132	9.696	still20
242	1548367831362	0.105	-0.148	9.677	still20
243	1548367831381	0.12	-0.136	9.693	still20
244	1548367831398	0.096	-0.144	9.677	still20
245	1548367831418	0.089	-0.146	9.686	still20
246	1548367831437	0.132	-0.12	9.698	still20
247	1548367831457	0.117	-0.141	9.698	still20
248	1548367831475	0.108	-0.158	9.66	still20
249	1548367831493	0.096	-0.148	9.679	still20
250	1548367831512	0.11	-0.127	9.684	still20
251	1548367831530	0.105	-0.144	9.672	still20
252	1548367831550	0.089	-0.151	9.662	still20
253	1548367831569	0.098	-0.134	9.677	still20
254	1548367831587	0.081	-0.156	9.686	still20
255	1548367831608	0.112	-0.136	9.693	still20
256	1548367831627	0.134	-0.129	9.684	still20
257	1548367831646	0.12	-0.146	9.701	still20
258	1548367831666	0.122	-0.127	9.686	still20
259	1548367831685	0.115	-0.129	9.693	still20
260	1548367831702	0.117	-0.129	9.686	still20
261	1548367831721	0.103	-0.139	9.679	still20
262	1548367831740	0.096	-0.134	9.674	still20
263	1548367831760	0.091	-0.146	9.686	still20
264	1548367831778	0.103	-0.151	9.669	still20
265	1548367831798	0.112	-0.139	9.677	still20
266	1548367831816	0.12	-0.129	9.698	still20
267	1548367831835	0.103	-0.144	9.681	still20
268	1548367831854	0.089	-0.129	9.657	still20
269	1548367831875	0.091	-0.151	9.672	still20
270	1548367831893	0.103	-0.141	9.681	still20
271	1548367831912	0.122	-0.124	9.684	still20
272	1548367831932	0.096	-0.156	9.674	still20
273	1548367831952	0.093	-0.141	9.681	still20
274	1548367831972	0.122	-0.141	9.701	still20
275	1548367831991	0.093	-0.144	9.684	still20
276	1548367832010	0.117	-0.136	9.705	still20
277	1548367832027	0.115	-0.136	9.701	still20
278	1548367832047	0.1	-0.144	9.681	still20
279	1548367832067	0.091	-0.146	9.672	still20
280	1548367832087	0.12	-0.136	9.693	still20
281	1548367832104	0.1	-0.141	9.679	still20
282	1548367832123	0.105	-0.136	9.674	still20
283	1548367832142	0.093	-0.151	9.681	still20
284	1548367832160	0.096	-0.148	9.672	still20
285	1548367832180	0.1	-0.136	9.679	still20
286	1548367832199	0.105	-0.139	9.677	still20
287	1548367832218	0.12	-0.124	9.689	still20
288	1548367832237	0.105	-0.158	9.66	still20
289	1548367832256	0.091	-0.146	9.674	still20
290	1548367832274	0.112	-0.134	9.674	still20
291	1548367832293	0.12	-0.132	9.693	still20
292	1548367832312	0.108	-0.136	9.689	still20
293	1548367832335	0.089	-0.144	9.672	still20
294	1548367832352	0.122	-0.134	9.698	still20
295	1548367832370	0.115	-0.132	9.681	still20
296	1548367832390	0.089	-0.134	9.686	still20
297	1548367832411	0.112	-0.141	9.681	still20
298	1548367832428	0.11	-0.148	9.669	still20
299	1548367832446	0.122	-0.144	9.703	still20
300	1548367832465	0.089	-0.141	9.662	still20
301	1548367832485	0.124	-0.136	9.693	still20
302	1548367832504	0.105	-0.146	9.684	still20
303	1548367832525	0.091	-0.136	9.674	still20
304	1548367832547	0.105	-0.151	9.653	still20
305	1548367832563	0.105	-0.146	9.665	still20
306	1548367832581	0.124	-0.112	9.691	still20
307	1548367832600	0.124	-0.115	9.684	still20
308	1548367832619	0.098	-0.156	9.657	still20
309	1548367832637	0.117	-0.144	9.708	still20
310	1548367832657	0.096	-0.144	9.674	still20
311	1548367832675	0.1	-0.146	9.672	still20
312	1548367832694	0.122	-0.132	9.691	still20
313	1548367832710	0.108	-0.146	9.667	still20
314	1548367832729	0.089	-0.144	9.681	still20
315	1548367832750	0.096	-0.146	9.674	still20
316	1548367832770	0.124	-0.136	9.677	still20
317	1548367832788	0.115	-0.134	9.679	still20
318	1548367832808	0.11	-0.139	9.691	still20
319	1548367832828	0.1	-0.132	9.672	still20
320	1548367832848	0.098	-0.141	9.655	still20
321	1548367832865	0.105	-0.136	9.677	still20
322	1548367832885	0.12	-0.122	9.689	still20
323	1548367832904	0.122	-0.129	9.691	still20
324	1548367832924	0.096	-0.136	9.681	still20
325	1548367832944	0.103	-0.134	9.674	still20
326	1548367832962	0.105	-0.134	9.684	still20
327	1548367832980	0.117	-0.132	9.698	still20
328	1548367833001	0.127	-0.134	9.701	still20
329	1548367833018	0.089	-0.144	9.679	still20
330	1548367833038	0.1	-0.151	9.672	still20
331	1548367833057	0.1	-0.136	9.677	still20
332	1548367833076	0.127	-0.134	9.698	still20
333	1548367833094	0.117	-0.139	9.705	still20
334	1548367833113	0.124	-0.132	9.701	still20
335	1548367833133	0.096	-0.144	9.681	still20
336	1548367833152	0.098	-0.144	9.677	still20
337	1548367833171	0.117	-0.124	9.689	still20
338	1548367833190	0.091	-0.139	9.665	still20
339	1548367833209	0.1	-0.139	9.686	still20
340	1548367833229	0.115	-0.115	9.681	still20
341	1548367833249	0.112	-0.127	9.689	still20
342	1548367833268	0.098	-0.144	9.679	still20
343	1548367833287	0.105	-0.146	9.681	still20
344	1548367833304	0.093	-0.144	9.681	still20
345	1548367833324	0.098	-0.141	9.691	still20
346	1548367833344	0.127	-0.124	9.696	still20
347	1548367833362	0.108	-0.139	9.681	still20
348	1548367833380	0.103	-0.144	9.669	still20
349	1548367833399	0.096	-0.139	9.677	still20
350	1548367833419	0.122	-0.136	9.696	still20
351	1548367833440	0.112	-0.134	9.679	still20
352	1548367833457	0.105	-0.156	9.662	still20
353	1548367833476	0.096	-0.146	9.672	still20
354	1548367833497	0.098	-0.136	9.674	still20
355	1548367833514	0.098	-0.141	9.684	still20
356	1548367833532	0.124	-0.139	9.705	still20
357	1548367833554	0.122	-0.132	9.693	still20
358	1548367833572	0.103	-0.151	9.669	still20
359	1548367833589	0.098	-0.148	9.674	still20
360	1548367833608	0.098	-0.151	9.669	still20
361	1548367833628	0.103	-0.141	9.681	still20
362	1548367833650	0.098	-0.136	9.677	still20
363	1548367833667	0.115	-0.139	9.696	still20
364	1548367833684	0.098	-0.139	9.684	still20
365	1548367833703	0.098	-0.141	9.674	still20
366	1548367833722	0.127	-0.139	9.698	still20
367	1548367833743	0.093	-0.148	9.681	still20
368	1548367833761	0.1	-0.146	9.681	still20
369	1548367833779	0.108	-0.136	9.689	still20
370	1548367833798	0.1	-0.144	9.684	still20
371	1548367833818	0.098	-0.148	9.672	still20
372	1548367833837	0.1	-0.146	9.66	still20
373	1548367833855	0.11	-0.132	9.684	still20
374	1548367833873	0.084	-0.146	9.686	still20
375	1548367833892	0.124	-0.134	9.696	still20
376	1548367833911	0.127	-0.139	9.691	still20
377	1548367833931	0.086	-0.144	9.674	still20
378	1548367833950	0.098	-0.136	9.686	still20
379	1548367833970	0.112	-0.136	9.691	still20
380	1548367833990	0.12	-0.129	9.681	still20
381	1548367834009	0.115	-0.127	9.684	still20
382	1548367834028	0.091	-0.146	9.674	still20
383	1548367834049	0.117	-0.139	9.693	still20
384	1548367834067	0.115	-0.134	9.681	still20
385	1548367834085	0.117	-0.132	9.681	still20
386	1548367834104	0.11	-0.144	9.665	still20
387	1548367834123	0.122	-0.129	9.686	still20
388	1548367834144	0.096	-0.144	9.662	still20
389	1548367834161	0.105	-0.139	9.689	still20
390	1548367834192	0.112	-0.141	9.701	still20
391	1548367834200	0.1	-0.156	9.669	still20
392	1548367834217	0.098	-0.146	9.672	still20
393	1548367834234	0.096	-0.139	9.674	still20
394	1548367834253	0.091	-0.144	9.679	still20
395	1548367834272	0.117	-0.122	9.684	still20
396	1548367834291	0.124	-0.122	9.689	still20
397	1548367834312	0.12	-0.122	9.681	still20
398	1548367834332	0.127	-0.122	9.693	still20
399	1548367834352	0.112	-0.136	9.703	still20
400	1548367834371	0.115	-0.122	9.681	still20
401	1548367834389	0.117	-0.136	9.708	still20
402	1548367834409	0.12	-0.139	9.703	still20
403	1548367834428	0.098	-0.144	9.667	still20
404	1548367834447	0.1	-0.139	9.677	still20
405	1548367834465	0.117	-0.132	9.691	still20
406	1548367834484	0.098	-0.129	9.677	still20
407	1548367834503	0.11	-0.141	9.674	still20
408	1548367834522	0.103	-0.136	9.674	still20
409	1548367834541	0.096	-0.148	9.693	still20
410	1548367834562	0.1	-0.148	9.669	still20
411	1548367834581	0.124	-0.134	9.698	still20
412	1548367834599	0.122	-0.122	9.698	still20
413	1548367834618	0.096	-0.141	9.674	still20
414	1548367834637	0.098	-0.141	9.686	still20
415	1548367834659	0.103	-0.144	9.669	still20
416	1548367834677	0.117	-0.132	9.698	still20
417	1548367834694	0.091	-0.139	9.681	still20
418	1548367834713	0.096	-0.156	9.677	still20
419	1548367834732	0.117	-0.148	9.701	still20
420	1548367834753	0.091	-0.144	9.681	still20
421	1548367834772	0.098	-0.136	9.662	still20
422	1548367834791	0.122	-0.12	9.691	still20
423	1548367834811	0.089	-0.144	9.681	still20
424	1548367834827	0.103	-0.16	9.665	still20
425	1548367834847	0.117	-0.129	9.684	still20
426	1548367834871	0.12	-0.122	9.696	still20
427	1548367834884	0.124	-0.122	9.681	still20
428	1548367834903	0.1	-0.136	9.679	still20
429	1548367834921	0.1	-0.148	9.677	still20
430	1548367834940	0.098	-0.151	9.669	still20
431	1548367834960	0.124	-0.129	9.689	still20
432	1548367834979	0.122	-0.124	9.696	still20
433	1548367834999	0.12	-0.127	9.684	still20
434	1548367835016	0.098	-0.144	9.674	still20
435	1548367835035	0.115	-0.127	9.674	still20
436	1548367835055	0.12	-0.139	9.696	still20
437	1548367835075	0.112	-0.136	9.696	still20
438	1548367835093	0.098	-0.148	9.667	still20
439	1548367835117	0.117	-0.12	9.689	still20
440	1548367835133	0.12	-0.132	9.686	still20
441	1548367835152	0.093	-0.153	9.679	still20
442	1548367835171	0.1	-0.127	9.677	still20
443	1548367835191	0.127	-0.129	9.701	still20
444	1548367835212	0.096	-0.144	9.681	still20
445	1548367835228	0.12	-0.122	9.696	still20
446	1548367835250	0.096	-0.148	9.677	still20
447	1548367835263	0.108	-0.139	9.681	still20
448	1548367835284	0.091	-0.144	9.672	still20
449	1548367835305	0.12	-0.129	9.689	still20
450	1548367835323	0.103	-0.148	9.686	still20
451	1548367835344	0.12	-0.127	9.689	still20
452	1548367835360	0.115	-0.122	9.686	still20
453	1548367835381	0.122	-0.139	9.693	still20
454	1548367835402	0.122	-0.124	9.691	still20
455	1548367835420	0.089	-0.146	9.679	still20
456	1548367835437	0.11	-0.124	9.686	still20
457	1548367835456	0.091	-0.144	9.684	still20
458	1548367835475	0.12	-0.136	9.703	still20
459	1548367835497	0.105	-0.146	9.672	still20
460	1548367835516	0.122	-0.129	9.696	still20
461	1548367835535	0.12	-0.134	9.701	still20
462	1548367835551	0.105	-0.144	9.667	still20
463	1548367835571	0.12	-0.12	9.684	still20
464	1548367835590	0.11	-0.134	9.681	still20
465	1548367835609	0.091	-0.148	9.693	still20
466	1548367835627	0.091	-0.151	9.684	still20
467	1548367835651	0.12	-0.122	9.679	still20
468	1548367835665	0.11	-0.136	9.674	still20
469	1548367835691	0.115	-0.129	9.674	still20
470	1548367835703	0.11	-0.132	9.677	still20
471	1548367835721	0.127	-0.132	9.701	still20
472	1548367835740	0.117	-0.127	9.703	still20
473	1548367835760	0.098	-0.146	9.672	still20
474	1548367835779	0.103	-0.146	9.679	still20
475	1548367835798	0.122	-0.117	9.691	still20
476	1548367835817	0.105	-0.153	9.66	still20
477	1548367835836	0.105	-0.134	9.677	still20
478	1548367835856	0.117	-0.139	9.691	still20
479	1548367835874	0.117	-0.127	9.696	still20
480	1548367835892	0.1	-0.146	9.674	still20
481	1548367835912	0.096	-0.146	9.674	still20
482	1548367835932	0.096	-0.151	9.674	still20
483	1548367835951	0.122	-0.124	9.689	still20
484	1548367835970	0.091	-0.151	9.679	still20
485	1548367835989	0.1	-0.136	9.679	still20
486	1548367836009	0.122	-0.129	9.686	still20
487	1548367836027	0.091	-0.148	9.681	still20
488	1548367836046	0.124	-0.129	9.698	still20
489	1548367836065	0.091	-0.148	9.689	still20
490	1548367836084	0.12	-0.134	9.679	still20
491	1548367836103	0.112	-0.136	9.679	still20
492	1548367836122	0.093	-0.148	9.691	still20
493	1548367836142	0.124	-0.134	9.691	still20
494	1548367836162	0.117	-0.127	9.689	still20
495	1548367836181	0.112	-0.146	9.708	still20
496	1548367836202	0.098	-0.134	9.679	still20
497	1548367836220	0.108	-0.148	9.655	still20
498	1548367836238	0.096	-0.146	9.672	still20
499	1548367836259	0.122	-0.127	9.681	still20
500	1548367836276	0.091	-0.156	9.679	still20
501	1548367836295	0.12	-0.134	9.696	still20
502	1548367836316	0.096	-0.148	9.679	still20
503	1548367836335	0.12	-0.124	9.684	still20
504	1548367836352	0.122	-0.12	9.677	still20
505	1548367836371	0.103	-0.136	9.679	still20
506	1548367836391	0.098	-0.141	9.689	still20
507	1548367836409	0.091	-0.146	9.674	still20
508	1548367836427	0.105	-0.134	9.677	still20
509	1548367836447	0.1	-0.141	9.686	still20
510	1548367836467	0.096	-0.146	9.672	still20
511	1548367836485	0.124	-0.124	9.693	still20
512	1548367836503	0.086	-0.144	9.681	still20
513	1548367836524	0.124	-0.134	9.701	still20
514	1548367836544	0.096	-0.144	9.686	still20
515	1548367836560	0.12	-0.127	9.708	still20
516	1548367836578	0.12	-0.127	9.696	still20
517	1548367836598	0.103	-0.132	9.679	still20
518	1548367836617	0.108	-0.163	9.667	still20
519	1548367836637	0.112	-0.151	9.665	still20
520	1548367836657	0.122	-0.129	9.691	still20
521	1548367836675	0.093	-0.141	9.677	still20
522	1548367836694	0.103	-0.139	9.681	still20
523	1548367836715	0.11	-0.112	9.674	still20
524	1548367836734	0.098	-0.141	9.679	still20
525	1548367836751	0.117	-0.132	9.689	still20
526	1548367836770	0.091	-0.146	9.684	still20
527	1548367836791	0.117	-0.141	9.701	still20
528	1548367836811	0.105	-0.141	9.681	still20
529	1548367836828	0.11	-0.108	9.689	still20
530	1548367836847	0.108	-0.134	9.677	still20
531	1548367836866	0.093	-0.144	9.689	still20
532	1548367836885	0.093	-0.153	9.681	still20
533	1548367836904	0.098	-0.134	9.662	still20
534	1548367836923	0.117	-0.132	9.686	still20
535	1548367836941	0.124	-0.117	9.696	still20
536	1548367836963	0.105	-0.136	9.679	still20
537	1548367836982	0.098	-0.151	9.693	still20
538	1548367836999	0.098	-0.129	9.681	still20
539	1548367837022	0.124	-0.122	9.689	still20
540	1548367837037	0.115	-0.141	9.696	still20
541	1548367837057	0.098	-0.134	9.672	still20
542	1548367837077	0.089	-0.134	9.677	still20
543	1548367837095	0.1	-0.146	9.684	still20
544	1548367837114	0.112	-0.136	9.693	still20
545	1548367837132	0.12	-0.136	9.693	still20
546	1548367837152	0.105	-0.139	9.667	still20
547	1548367837170	0.086	-0.156	9.691	still20
548	1548367837189	0.112	-0.132	9.681	still20
549	1548367837210	0.103	-0.141	9.679	still20
550	1548367837226	0.124	-0.139	9.708	still20
551	1548367837248	0.12	-0.12	9.674	still20
552	1548367837265	0.098	-0.144	9.669	still20
553	1548367837284	0.1	-0.146	9.672	still20
554	1548367837303	0.098	-0.148	9.672	still20
555	1548367837322	0.11	-0.139	9.703	still20
556	1548367837342	0.1	-0.146	9.662	still20
557	1548367837362	0.122	-0.12	9.689	still20
558	1548367837381	0.105	-0.134	9.679	still20
559	1548367837399	0.112	-0.129	9.684	still20
560	1548367837419	0.117	-0.11	9.681	still20
561	1548367837438	0.105	-0.146	9.667	still20
562	1548367837458	0.108	-0.141	9.679	still20
563	1548367837475	0.108	-0.158	9.662	still20
564	1548367837494	0.1	-0.141	9.684	still20
565	1548367837515	0.108	-0.139	9.693	still20
566	1548367837532	0.122	-0.132	9.686	still20
567	1548367837554	0.098	-0.141	9.689	still20
568	1548367837571	0.112	-0.127	9.677	still20
569	1548367837588	0.127	-0.139	9.705	still20
570	1548367837606	0.122	-0.141	9.703	still20
571	1548367837626	0.089	-0.153	9.689	still20
572	1548367837645	0.1	-0.136	9.679	still20
573	1548367837663	0.093	-0.144	9.674	still20
574	1548367837682	0.108	-0.134	9.677	still20
575	1548367837701	0.093	-0.148	9.679	still20
576	1548367837722	0.112	-0.134	9.681	still20
577	1548367837742	0.091	-0.141	9.669	still20
578	1548367837762	0.122	-0.124	9.686	still20
579	1548367837782	0.124	-0.127	9.696	still20
580	1548367837798	0.089	-0.146	9.669	still20
581	1548367837821	0.12	-0.139	9.701	still20
582	1548367837837	0.105	-0.141	9.677	still20
583	1548367837856	0.122	-0.12	9.686	still20
584	1548367837875	0.122	-0.124	9.696	still20
585	1548367837894	0.096	-0.139	9.686	still20
586	1548367837914	0.093	-0.141	9.677	still20
587	1548367837933	0.103	-0.139	9.681	still20
588	1548367837954	0.124	-0.129	9.696	still20
589	1548367837972	0.096	-0.132	9.679	still20
590	1548367837993	0.093	-0.144	9.674	still20
591	1548367838010	0.112	-0.129	9.679	still20
592	1548367838028	0.105	-0.136	9.672	still20
593	1548367838047	0.115	-0.139	9.693	still20
594	1548367838066	0.091	-0.156	9.686	still20
595	1548367838085	0.098	-0.146	9.684	still20
596	1548367838104	0.086	-0.136	9.667	still20
597	1548367838124	0.117	-0.132	9.691	still20
598	1548367838143	0.12	-0.124	9.689	still20
599	1548367838161	0.1	-0.139	9.684	still20
600	1548367838179	0.12	-0.129	9.684	still20
601	1548367838197	0.096	-0.141	9.686	still20
602	1548367838218	0.112	-0.127	9.686	still20
603	1548367838236	0.122	-0.129	9.691	still20
604	1548367838256	0.093	-0.158	9.691	still20
605	1548367838274	0.084	-0.151	9.691	still20
606	1548367838293	0.091	-0.151	9.686	still20
607	1548367838314	0.12	-0.136	9.698	still20
608	1548367838331	0.127	-0.12	9.686	still20
609	1548367838349	0.12	-0.129	9.686	still20
610	1548367838370	0.089	-0.146	9.677	still20
611	1548367838390	0.112	-0.134	9.679	still20
612	1548367838409	0.129	-0.139	9.708	still20
613	1548367838430	0.089	-0.148	9.686	still20
614	1548367838448	0.127	-0.127	9.691	still20
615	1548367838468	0.086	-0.144	9.681	still20
616	1548367838484	0.12	-0.141	9.701	still20
617	1548367838504	0.093	-0.148	9.679	still20
618	1548367838525	0.1	-0.163	9.679	still20
619	1548367838544	0.105	-0.151	9.674	still20
620	1548367838561	0.117	-0.117	9.691	still20
621	1548367838581	0.098	-0.141	9.681	still20
622	1548367838599	0.117	-0.124	9.686	still20
623	1548367838618	0.098	-0.144	9.681	still20
624	1548367838638	0.098	-0.139	9.681	still20
625	1548367838656	0.122	-0.134	9.689	still20
626	1548367838677	0.108	-0.141	9.686	still20
627	1548367838698	0.096	-0.148	9.669	still20
628	1548367838712	0.108	-0.136	9.677	still20
629	1548367838730	0.098	-0.141	9.674	still20
630	1548367838751	0.089	-0.146	9.677	still20
631	1548367838770	0.103	-0.144	9.686	still20
632	1548367838790	0.096	-0.148	9.667	still20
633	1548367838808	0.105	-0.134	9.684	still20
634	1548367838831	0.098	-0.156	9.686	still20
635	1548367838849	0.108	-0.132	9.681	still20
636	1548367838866	0.096	-0.146	9.679	still20
637	1548367838885	0.12	-0.127	9.693	still20
638	1548367838904	0.122	-0.124	9.679	still20
639	1548367838923	0.091	-0.146	9.667	still20
640	1548367838941	0.096	-0.146	9.677	still20
641	1548367838961	0.117	-0.129	9.693	still20
642	1548367838980	0.117	-0.132	9.696	still20
643	1548367838997	0.096	-0.146	9.686	still20
644	1548367839018	0.122	-0.122	9.681	still20
645	1548367839036	0.096	-0.156	9.674	still20
646	1548367839055	0.103	-0.151	9.679	still20
647	1548367839074	0.1	-0.136	9.681	still20
648	1548367839094	0.115	-0.129	9.691	still20
649	1548367839114	0.096	-0.141	9.665	still20
650	1548367839132	0.098	-0.153	9.681	still20
651	1548367839154	0.11	-0.132	9.669	still20
652	1548367839171	0.105	-0.132	9.677	still20
653	1548367839192	0.091	-0.153	9.689	still20
654	1548367839210	0.091	-0.139	9.677	still20
655	1548367839229	0.11	-0.132	9.679	still20
656	1548367839249	0.091	-0.146	9.679	still20
657	1548367839267	0.103	-0.139	9.686	still20
658	1548367839285	0.115	-0.139	9.689	still20
659	1548367839307	0.117	-0.122	9.677	still20
660	1548367839324	0.091	-0.151	9.681	still20
661	1548367839343	0.124	-0.12	9.684	still20
662	1548367839364	0.12	-0.127	9.686	still20
663	1548367839380	0.093	-0.156	9.684	still20
664	1548367839399	0.091	-0.151	9.681	still20
665	1548367839417	0.115	-0.144	9.703	still20
666	1548367839436	0.117	-0.129	9.679	still20
667	1548367839455	0.096	-0.141	9.677	still20
668	1548367839473	0.093	-0.139	9.684	still20
669	1548367839493	0.12	-0.122	9.681	still20
670	1548367839512	0.103	-0.134	9.684	still20
671	1548367839532	0.096	-0.141	9.681	still20
672	1548367839551	0.105	-0.139	9.681	still20
673	1548367839570	0.127	-0.129	9.689	still20
674	1548367839592	0.096	-0.144	9.679	still20
675	1548367839610	0.122	-0.139	9.693	still20
676	1548367839629	0.1	-0.136	9.679	still20
677	1548367839647	0.122	-0.134	9.703	still20
678	1548367839666	0.1	-0.148	9.672	still20
679	1548367839686	0.122	-0.132	9.691	still20
680	1548367839704	0.084	-0.148	9.691	still20
681	1548367839723	0.108	-0.132	9.681	still20
682	1548367839742	0.105	-0.141	9.677	still20
683	1548367839763	0.098	-0.129	9.674	still20
684	1548367839782	0.117	-0.129	9.689	still20
685	1548367839799	0.098	-0.148	9.674	still20
686	1548367839818	0.093	-0.144	9.679	still20
687	1548367839838	0.122	-0.134	9.698	still20
688	1548367839856	0.098	-0.156	9.669	still20
689	1548367839875	0.115	-0.129	9.681	still20
690	1548367839894	0.096	-0.148	9.684	still20
691	1548367839914	0.117	-0.141	9.677	still20
692	1548367839934	0.108	-0.129	9.672	still20
693	1548367839952	0.108	-0.146	9.669	still20
694	1548367839973	0.086	-0.136	9.686	still20
695	1548367839992	0.093	-0.146	9.684	still20
696	1548367840009	0.1	-0.141	9.691	still20
697	1548367840028	0.12	-0.122	9.686	still20
698	1548367840047	0.122	-0.124	9.686	still20
699	1548367840067	0.1	-0.139	9.674	still20
700	1548367840087	0.089	-0.163	9.693	still20
701	1548367840104	0.091	-0.148	9.677	still20
702	1548367840123	0.115	-0.134	9.681	still20
703	1548367840142	0.108	-0.134	9.677	still20
704	1548367840161	0.115	-0.132	9.679	still20
705	1548367840195	0.096	-0.153	9.672	still20
706	1548367840202	0.103	-0.158	9.66	still20
707	1548367840216	0.12	-0.124	9.681	still20
708	1548367840234	0.127	-0.122	9.696	still20
709	1548367840254	0.096	-0.146	9.674	still20
710	1548367840274	0.117	-0.129	9.693	still20
711	1548367840293	0.1	-0.141	9.674	still20
712	1548367840313	0.105	-0.144	9.679	still20
713	1548367840332	0.12	-0.144	9.703	still20
714	1548367840351	0.084	-0.148	9.674	still20
715	1548367840371	0.096	-0.153	9.674	still20
716	1548367840391	0.108	-0.136	9.691	still20
717	1548367840411	0.115	-0.129	9.696	still20
718	1548367840428	0.12	-0.122	9.691	still20
719	1548367840448	0.105	-0.129	9.677	still20
720	1548367840466	0.124	-0.132	9.689	still20
721	1548367840485	0.091	-0.141	9.684	still20
722	1548367840505	0.122	-0.129	9.696	still20
723	1548367840522	0.117	-0.124	9.681	still20
724	1548367840541	0.12	-0.132	9.693	still20
725	1548367840564	0.108	-0.141	9.684	still20
726	1548367840580	0.115	-0.122	9.689	still20
727	1548367840599	0.115	-0.144	9.703	still20
728	1548367840617	0.098	-0.146	9.686	still20
729	1548367840635	0.11	-0.127	9.679	still20
730	1548367840655	0.098	-0.146	9.672	still20
731	1548367840677	0.117	-0.134	9.701	still20
732	1548367840697	0.096	-0.141	9.689	still20
733	1548367840715	0.108	-0.141	9.686	still20
734	1548367840733	0.096	-0.156	9.672	still20
735	1548367840753	0.105	-0.141	9.674	still20
736	1548367840772	0.11	-0.132	9.679	still20
737	1548367840790	0.098	-0.146	9.677	still20
738	1548367840809	0.12	-0.129	9.701	still20
739	1548367840830	0.122	-0.11	9.686	still20
740	1548367840847	0.093	-0.146	9.677	still20
741	1548367840866	0.11	-0.144	9.708	still20
742	1548367840885	0.105	-0.134	9.677	still20
743	1548367840904	0.127	-0.141	9.705	still20
744	1548367840923	0.122	-0.124	9.689	still20
745	1548367840944	0.117	-0.134	9.689	still20
746	1548367840964	0.098	-0.134	9.66	still20
747	1548367840981	0.115	-0.132	9.674	still20
748	1548367841001	0.108	-0.136	9.681	still20
749	1548367841019	0.124	-0.132	9.689	still20
750	1548367841038	0.115	-0.136	9.698	still20
751	1548367841058	0.1	-0.144	9.684	still20
752	1548367841076	0.122	-0.132	9.689	still20
753	1548367841094	0.1	-0.141	9.662	still20
754	1548367841116	0.122	-0.122	9.679	still20
755	1548367841135	0.117	-0.122	9.684	still20
756	1548367841151	0.122	-0.136	9.701	still20
757	1548367841172	0.117	-0.136	9.691	still20
758	1548367841190	0.112	-0.151	9.708	still20
759	1548367841209	0.115	-0.127	9.677	still20
760	1548367841228	0.089	-0.144	9.674	still20
761	1548367841247	0.122	-0.124	9.696	still20
762	1548367841267	0.115	-0.132	9.674	still20
763	1548367841288	0.089	-0.141	9.677	still20
764	1548367841307	0.124	-0.122	9.696	still20
765	1548367841324	0.103	-0.153	9.669	still20
766	1548367841345	0.096	-0.136	9.657	still20
767	1548367841362	0.124	-0.127	9.689	still20
768	1548367841380	0.117	-0.134	9.689	still20
769	1548367841400	0.105	-0.139	9.684	still20
770	1548367841419	0.115	-0.144	9.696	still20
771	1548367841439	0.108	-0.139	9.693	still20
772	1548367841460	0.098	-0.144	9.665	still20
773	1548367841475	0.12	-0.124	9.686	still20
774	1548367841494	0.093	-0.151	9.681	still20
775	1548367841514	0.086	-0.139	9.684	still20
776	1548367841532	0.093	-0.134	9.672	still20
777	1548367841551	0.1	-0.141	9.674	still20
778	1548367841570	0.122	-0.122	9.689	still20
779	1548367841591	0.1	-0.134	9.677	still20
780	1548367841611	0.122	-0.132	9.693	still20
781	1548367841627	0.112	-0.134	9.674	still20
782	1548367841647	0.12	-0.12	9.693	still20
783	1548367841664	0.105	-0.148	9.655	still20
784	1548367841685	0.11	-0.153	9.662	still20
785	1548367841708	0.12	-0.12	9.689	still20
786	1548367841721	0.124	-0.129	9.698	still20
787	1548367841741	0.122	-0.122	9.686	still20
788	1548367841758	0.098	-0.141	9.667	still20
789	1548367841778	0.091	-0.16	9.689	still20
790	1548367841797	0.108	-0.163	9.669	still20
791	1548367841817	0.103	-0.146	9.677	still20
792	1548367841838	0.12	-0.117	9.689	still20
793	1548367841858	0.091	-0.141	9.681	still20
794	1548367841876	0.115	-0.132	9.679	still20
795	1548367841894	0.086	-0.139	9.677	still20
796	1548367841914	0.108	-0.146	9.698	still20
797	1548367841933	0.1	-0.144	9.679	still20
798	1548367841952	0.127	-0.136	9.701	still20
799	1548367841972	0.1	-0.139	9.674	still20
800	1548367841991	0.093	-0.151	9.679	still20
801	1548367842011	0.11	-0.134	9.672	still20
802	1548367842028	0.12	-0.132	9.703	still20
803	1548367842048	0.108	-0.132	9.677	still20
804	1548367842066	0.1	-0.144	9.681	still20
805	1548367842085	0.12	-0.134	9.686	still20
806	1548367842105	0.112	-0.129	9.689	still20
807	1548367842123	0.103	-0.132	9.677	still20
808	1548367842144	0.086	-0.151	9.679	still20
809	1548367842162	0.122	-0.139	9.703	still20
810	1548367842181	0.117	-0.122	9.691	still20
811	1548367842202	0.089	-0.144	9.689	still20
812	1548367842221	0.12	-0.132	9.696	still20
813	1548367842238	0.112	-0.129	9.679	still20
814	1548367842259	0.12	-0.129	9.686	still20
815	1548367842277	0.105	-0.151	9.689	still20
816	1548367842295	0.103	-0.144	9.674	still20
817	1548367842317	0.093	-0.148	9.689	still20
818	1548367842335	0.098	-0.141	9.677	still20
819	1548367842352	0.103	-0.136	9.679	still20
820	1548367842374	0.098	-0.148	9.674	still20
821	1548367842391	0.103	-0.136	9.672	still20
822	1548367842409	0.093	-0.141	9.669	still20
823	1548367842428	0.122	-0.117	9.681	still20
824	1548367842446	0.11	-0.129	9.679	still20
825	1548367842465	0.115	-0.129	9.677	still20
826	1548367842484	0.108	-0.144	9.703	still20
827	1548367842504	0.11	-0.148	9.686	still20
828	1548367842525	0.115	-0.136	9.689	still20
829	1548367842543	0.105	-0.158	9.657	still20
830	1548367842564	0.117	-0.129	9.684	still20
831	1548367842581	0.105	-0.139	9.689	still20
832	1548367842600	0.122	-0.117	9.684	still20
833	1548367842621	0.122	-0.132	9.686	still20
834	1548367842639	0.103	-0.144	9.672	still20
835	1548367842657	0.115	-0.139	9.708	still20
836	1548367842677	0.12	-0.141	9.703	still20
837	1548367842695	0.12	-0.127	9.686	still20
838	1548367842714	0.093	-0.146	9.66	still20
839	1548367842733	0.108	-0.144	9.689	still20
840	1548367842752	0.12	-0.129	9.684	still20
841	1548367842772	0.103	-0.141	9.681	still20
842	1548367842790	0.098	-0.139	9.672	still20
843	1548367842810	0.122	-0.132	9.691	still20
844	1548367842827	0.105	-0.134	9.667	still20
845	1548367842847	0.124	-0.129	9.686	still20
846	1548367842866	0.117	-0.136	9.701	still20
847	1548367842885	0.091	-0.144	9.684	still20
848	1548367842902	0.096	-0.141	9.684	still20
849	1548367842922	0.132	-0.127	9.696	still20
850	1548367842940	0.086	-0.134	9.672	still20
851	1548367842959	0.089	-0.151	9.677	still20
852	1548367842982	0.093	-0.141	9.679	still20
853	1548367842998	0.127	-0.122	9.679	still20
854	1548367843017	0.115	-0.134	9.686	still20
855	1548367843037	0.127	-0.132	9.689	still20
856	1548367843059	0.11	-0.167	9.657	still20
857	1548367843079	0.091	-0.153	9.686	still20
858	1548367843095	0.122	-0.124	9.686	still20
859	1548367843115	0.117	-0.112	9.684	still20
860	1548367843134	0.108	-0.136	9.686	still20
861	1548367843153	0.103	-0.16	9.667	still20
862	1548367843173	0.108	-0.132	9.672	still20
863	1548367843194	0.096	-0.134	9.686	still20
864	1548367843209	0.086	-0.141	9.693	still20
865	1548367843227	0.098	-0.148	9.66	still20
866	1548367843246	0.098	-0.146	9.689	still20
867	1548367843266	0.103	-0.156	9.672	still20
868	1548367843285	0.096	-0.153	9.667	still20
869	1548367843303	0.089	-0.148	9.686	still20
870	1548367843323	0.091	-0.144	9.684	still20
871	1548367843344	0.091	-0.146	9.681	still20
872	1548367843363	0.098	-0.139	9.684	still20
873	1548367843383	0.103	-0.141	9.684	still20
874	1548367843400	0.108	-0.146	9.681	still20
875	1548367843418	0.093	-0.156	9.677	still20
876	1548367843438	0.122	-0.122	9.677	still20
877	1548367843459	0.096	-0.141	9.686	still20
878	1548367843475	0.091	-0.144	9.679	still20
879	1548367843495	0.12	-0.127	9.684	still20
880	1548367843514	0.122	-0.124	9.701	still20
881	1548367843532	0.12	-0.139	9.693	still20
882	1548367843553	0.1	-0.141	9.672	still20
883	1548367843570	0.098	-0.146	9.684	still20
884	1548367843589	0.096	-0.144	9.665	still20
885	1548367843609	0.098	-0.141	9.674	still20
886	1548367843627	0.105	-0.136	9.679	still20
887	1548367843646	0.103	-0.136	9.674	still20
888	1548367843664	0.115	-0.129	9.679	still20
889	1548367843685	0.1	-0.141	9.674	still20
890	1548367843704	0.112	-0.139	9.686	still20
891	1548367843723	0.112	-0.127	9.672	still20
892	1548367843744	0.103	-0.16	9.672	still20
893	1548367843762	0.098	-0.139	9.681	still20
894	1548367843783	0.117	-0.146	9.705	still20
895	1548367843802	0.105	-0.136	9.66	still20
896	1548367843819	0.127	-0.127	9.686	still20
897	1548367843841	0.105	-0.153	9.662	still20
898	1548367843859	0.112	-0.132	9.681	still20
899	1548367843879	0.089	-0.153	9.681	still20
900	1548367843894	0.117	-0.127	9.693	still20
901	1548367843914	0.096	-0.132	9.66	still20
902	1548367843933	0.103	-0.139	9.684	still20
903	1548367843951	0.122	-0.129	9.693	still20
904	1548367843971	0.122	-0.148	9.705	still20
905	1548367843989	0.103	-0.139	9.681	still20
906	1548367844008	0.117	-0.129	9.693	still20
907	1548367844028	0.098	-0.148	9.684	still20
908	1548367844047	0.103	-0.134	9.679	still20
909	1548367844067	0.122	-0.136	9.691	still20
910	1548367844084	0.1	-0.146	9.681	still20
911	1548367844105	0.1	-0.141	9.674	still20
912	1548367844124	0.096	-0.146	9.681	still20
913	1548367844142	0.122	-0.136	9.696	still20
914	1548367844162	0.098	-0.153	9.669	still20
915	1548367844182	0.11	-0.136	9.691	still20
916	1548367844200	0.103	-0.146	9.674	still20
917	1548367844220	0.122	-0.127	9.686	still20
918	1548367844238	0.093	-0.156	9.681	still20
919	1548367844259	0.124	-0.124	9.691	still20
920	1548367844278	0.108	-0.136	9.677	still20
921	1548367844296	0.112	-0.132	9.677	still20
922	1548367844314	0.098	-0.148	9.677	still20
923	1548367844334	0.093	-0.144	9.691	still20
924	1548367844354	0.115	-0.136	9.681	still20
925	1548367844372	0.122	-0.122	9.686	still20
926	1548367844390	0.1	-0.141	9.689	still20
927	1548367844410	0.091	-0.156	9.686	still20
928	1548367844430	0.089	-0.148	9.689	still20
929	1548367844447	0.1	-0.16	9.667	still20
930	1548367844468	0.12	-0.136	9.691	still20
931	1548367844485	0.1	-0.141	9.681	still20
932	1548367844504	0.091	-0.151	9.679	still20
933	1548367844522	0.115	-0.127	9.691	still20
934	1548367844542	0.124	-0.124	9.691	still20
935	1548367844559	0.108	-0.144	9.665	still20
936	1548367844579	0.098	-0.148	9.667	still20
937	1548367844598	0.122	-0.115	9.693	still20
938	1548367844618	0.12	-0.134	9.689	still20
939	1548367844637	0.1	-0.156	9.662	still20
940	1548367844657	0.098	-0.141	9.674	still20
941	1548367844677	0.117	-0.136	9.696	still20
942	1548367844696	0.1	-0.139	9.674	still20
943	1548367844715	0.115	-0.127	9.677	still20
944	1548367844732	0.086	-0.141	9.686	still20
945	1548367844751	0.115	-0.141	9.703	still20
946	1548367844770	0.1	-0.144	9.681	still20
947	1548367844790	0.1	-0.153	9.677	still20
948	1548367844809	0.105	-0.139	9.686	still20
949	1548367844827	0.105	-0.136	9.681	still20
950	1548367844847	0.096	-0.144	9.677	still20
951	1548367844864	0.115	-0.127	9.684	still20
952	1548367844882	0.115	-0.136	9.686	still20
953	1548367844902	0.091	-0.144	9.681	still20
954	1548367844923	0.1	-0.134	9.677	still20
955	1548367844941	0.086	-0.148	9.672	still20
956	1548367844960	0.1	-0.144	9.667	still20
957	1548367844981	0.086	-0.136	9.674	still20
958	1548367844999	0.098	-0.136	9.672	still20
959	1548367845019	0.108	-0.136	9.672	still20
960	1548367845039	0.12	-0.144	9.71	still20
961	1548367845057	0.115	-0.139	9.705	still20
962	1548367845075	0.12	-0.139	9.698	still20
963	1548367845094	0.117	-0.124	9.684	still20
964	1548367845118	0.091	-0.132	9.648	still20
965	1548367845132	0.103	-0.144	9.674	still20
966	1548367845150	0.117	-0.124	9.689	still20
967	1548367845170	0.098	-0.141	9.681	still20
968	1548367845190	0.098	-0.151	9.677	still20
969	1548367845207	0.124	-0.139	9.698	still20
970	1548367845229	0.105	-0.148	9.669	still20
971	1548367845247	0.096	-0.144	9.681	still20
972	1548367845269	0.089	-0.141	9.657	still20
973	1548367845287	0.103	-0.127	9.677	still20
974	1548367845305	0.112	-0.129	9.662	still20
975	1548367845326	0.117	-0.136	9.693	still20
976	1548367845343	0.1	-0.148	9.684	still20
977	1548367845364	0.124	-0.12	9.686	still20
978	1548367845382	0.093	-0.139	9.653	still20
979	1548367845400	0.112	-0.132	9.679	still20
980	1548367845420	0.124	-0.132	9.703	still20
981	1548367845438	0.098	-0.144	9.677	still20
982	1548367845458	0.115	-0.132	9.689	still20
983	1548367845475	0.098	-0.141	9.674	still20
984	1548367845495	0.112	-0.134	9.698	still20
985	1548367845513	0.108	-0.158	9.667	still20
986	1548367845531	0.12	-0.127	9.681	still20
987	1548367845553	0.086	-0.153	9.679	still20
988	1548367845570	0.115	-0.136	9.696	still20
989	1548367845589	0.127	-0.122	9.693	still20
990	1548367845609	0.12	-0.134	9.693	still20
991	1548367845627	0.115	-0.141	9.698	still20
992	1548367845648	0.108	-0.136	9.677	still20
993	1548367845668	0.115	-0.134	9.703	still20
994	1548367845687	0.12	-0.124	9.686	still20
995	1548367845705	0.108	-0.132	9.681	still20
996	1548367845726	0.115	-0.132	9.693	still20
997	1548367845743	0.122	-0.134	9.696	still20
998	1548367845762	0.096	-0.148	9.681	still20
999	1548367845783	0.115	-0.134	9.701	still20
1000	1548367845801	0.117	-0.129	9.677	still20
1001	1548367845821	0.12	-0.132	9.684	still20
1002	1548367845841	0.1	-0.156	9.66	still20
1003	1548367845858	0.089	-0.144	9.667	still20
1004	1548367845878	0.098	-0.141	9.681	still20
1005	1548367845898	0.115	-0.134	9.696	still20
1006	1548367845914	0.12	-0.146	9.705	still20
1007	1548367845934	0.103	-0.144	9.677	still20
1008	1548367845952	0.091	-0.146	9.679	still20
1009	1548367845974	0.1	-0.153	9.674	still20
1010	1548367845992	0.098	-0.134	9.677	still20
1011	1548367846008	0.12	-0.129	9.686	still20
1012	1548367846029	0.096	-0.139	9.657	still20
1013	1548367846047	0.11	-0.122	9.684	still20
1014	1548367846066	0.108	-0.139	9.667	still20
1015	1548367846086	0.103	-0.139	9.689	still20
1016	1548367846104	0.103	-0.167	9.667	still20
1017	1548367846124	0.084	-0.136	9.686	still20
1018	1548367846144	0.093	-0.158	9.679	still20
1019	1548367846162	0.089	-0.158	9.677	still20
1020	1548367846193	0.11	-0.139	9.679	still20
1021	1548367846202	0.12	-0.127	9.689	still20
1022	1548367846220	0.108	-0.134	9.691	still20
1023	1548367846235	0.124	-0.12	9.696	still20
1024	1548367846254	0.096	-0.144	9.672	still20
1025	1548367846275	0.091	-0.146	9.677	still20
1026	1548367846295	0.129	-0.124	9.689	still20
1027	1548367846314	0.096	-0.151	9.679	still20
1028	1548367846333	0.093	-0.146	9.679	still20
1029	1548367846354	0.115	-0.127	9.686	still20
1030	1548367846371	0.12	-0.127	9.686	still20
1031	1548367846391	0.122	-0.136	9.696	still20
1032	1548367846410	0.12	-0.122	9.691	still20
1033	1548367846429	0.103	-0.141	9.674	still20
1034	1548367846447	0.124	-0.129	9.684	still20
1035	1548367846467	0.115	-0.129	9.691	still20
1036	1548367846487	0.122	-0.117	9.684	still20
1037	1548367846505	0.122	-0.132	9.681	still20
1038	1548367846523	0.11	-0.136	9.681	still20
1039	1548367846542	0.098	-0.146	9.686	still20
1040	1548367846562	0.12	-0.129	9.691	still20
1041	1548367846582	0.103	-0.141	9.689	still20
1042	1548367846600	0.091	-0.134	9.674	still20
1043	1548367846620	0.098	-0.146	9.686	still20
1044	1548367846638	0.105	-0.134	9.679	still20
1045	1548367846658	0.117	-0.127	9.691	still20
1046	1548367846676	0.108	-0.134	9.677	still20
1047	1548367846695	0.12	-0.12	9.693	still20
1048	1548367846714	0.089	-0.146	9.691	still20
1049	1548367846732	0.122	-0.124	9.689	still20
1050	1548367846750	0.122	-0.132	9.698	still20
1051	1548367846770	0.096	-0.148	9.677	still20
1052	1548367846788	0.086	-0.141	9.681	still20
1053	1548367846811	0.093	-0.144	9.691	still20
1054	1548367846828	0.115	-0.129	9.691	still20
1055	1548367846849	0.127	-0.134	9.703	still20
1056	1548367846867	0.124	-0.127	9.689	still20
1057	1548367846886	0.103	-0.139	9.677	still20
1058	1548367846906	0.098	-0.141	9.689	still20
1059	1548367846925	0.117	-0.139	9.689	still20
1060	1548367846944	0.1	-0.144	9.66	still20
1061	1548367846961	0.096	-0.134	9.677	still20
1062	1548367846983	0.098	-0.151	9.686	still20
1063	1548367847003	0.117	-0.129	9.684	still20
1064	1548367847018	0.098	-0.158	9.667	still20
1065	1548367847038	0.105	-0.129	9.689	still20
1066	1548367847059	0.105	-0.144	9.679	still20
1067	1548367847077	0.117	-0.141	9.696	still20
1068	1548367847097	0.124	-0.139	9.705	still20
1069	1548367847114	0.098	-0.148	9.677	still20
1070	1548367847133	0.105	-0.146	9.669	still20
1071	1548367847152	0.108	-0.139	9.686	still20
1072	1548367847172	0.12	-0.124	9.696	still20
1073	1548367847191	0.115	-0.144	9.71	still20
1074	1548367847210	0.115	-0.122	9.686	still20
1075	1548367847230	0.11	-0.136	9.681	still20
1076	1548367847249	0.093	-0.148	9.681	still20
1077	1548367847269	0.124	-0.124	9.689	still20
1078	1548367847285	0.112	-0.129	9.689	still20
1079	1548367847305	0.105	-0.136	9.681	still20
1080	1548367847323	0.124	-0.136	9.689	still20
1081	1548367847341	0.105	-0.136	9.679	still20
1082	1548367847361	0.093	-0.146	9.669	still20
1083	1548367847379	0.105	-0.17	9.667	still20
1084	1548367847397	0.096	-0.136	9.667	still20
1085	1548367847417	0.105	-0.132	9.681	still20
1086	1548367847438	0.108	-0.127	9.674	still20
1087	1548367847458	0.115	-0.127	9.681	still20
1088	1548367847477	0.093	-0.141	9.684	still20
1089	1548367847496	0.096	-0.146	9.686	still20
1090	1548367847515	0.093	-0.148	9.672	still20
1091	1548367847533	0.112	-0.112	9.696	still20
1092	1548367847553	0.117	-0.132	9.693	still20
1093	1548367847573	0.091	-0.139	9.662	still20
1094	1548367847592	0.098	-0.136	9.66	still20
1095	1548367847611	0.117	-0.132	9.691	still20
1096	1548367847628	0.124	-0.122	9.689	still20
1097	1548367847649	0.089	-0.148	9.679	still20
1098	1548367847667	0.103	-0.148	9.674	still20
1099	1548367847698	0.11	-0.156	9.66	still20
1100	1548367847704	0.11	-0.136	9.684	still20
1101	1548367847722	0.096	-0.148	9.672	still20
1102	1548367847741	0.098	-0.146	9.689	still20
1103	1548367847763	0.105	-0.129	9.677	still20
1104	1548367847782	0.11	-0.136	9.684	still20
1105	1548367847800	0.105	-0.136	9.686	still20
1106	1548367847821	0.108	-0.134	9.681	still20
1107	1548367847839	0.115	-0.134	9.677	still20
1108	1548367847858	0.11	-0.136	9.681	still20
1109	1548367847879	0.108	-0.127	9.677	still20
1110	1548367847896	0.115	-0.132	9.693	still20
1111	1548367847914	0.098	-0.141	9.679	still20
1112	1548367847933	0.1	-0.146	9.672	still20
1113	1548367847953	0.112	-0.136	9.677	still20
1114	1548367847971	0.091	-0.144	9.677	still20
1115	1548367848000	0.115	-0.136	9.684	still20
1116	1548367848008	0.124	-0.139	9.701	still20
1117	1548367848027	0.096	-0.151	9.681	still20
1118	1548367848047	0.098	-0.141	9.681	still20
1119	1548367848063	0.108	-0.151	9.674	still20
1120	1548367848082	0.096	-0.148	9.684	still20
1121	1548367848104	0.1	-0.139	9.674	still20
1122	1548367848123	0.122	-0.136	9.701	still20
1123	1548367848141	0.115	-0.134	9.681	still20
1124	1548367848162	0.11	-0.129	9.679	still20
1125	1548367848182	0.098	-0.136	9.679	still20
1126	1548367848200	0.127	-0.132	9.696	still20
1127	1548367848221	0.1	-0.136	9.679	still20
1128	1548367848238	0.091	-0.136	9.672	still20
1129	1548367848258	0.091	-0.153	9.681	still20
1130	1548367848278	0.124	-0.134	9.698	still20
1131	1548367848297	0.103	-0.136	9.686	still20
1132	1548367848314	0.108	-0.136	9.677	still20
1133	1548367848333	0.089	-0.139	9.686	still20
1134	1548367848352	0.115	-0.127	9.672	still20
1135	1548367848374	0.117	-0.136	9.679	still20
1136	1548367848392	0.096	-0.144	9.689	still20
1137	1548367848410	0.098	-0.146	9.681	still20
1138	1548367848429	0.103	-0.141	9.686	still20
1139	1548367848447	0.1	-0.141	9.679	still20
1140	1548367848466	0.084	-0.146	9.684	still20
1141	1548367848485	0.103	-0.134	9.677	still20
1142	1548367848504	0.093	-0.139	9.681	still20
1143	1548367848524	0.096	-0.148	9.679	still20
1144	1548367848544	0.117	-0.139	9.701	still20
1145	1548367848561	0.093	-0.156	9.669	still20
1146	1548367848583	0.124	-0.132	9.689	still20
1147	1548367848602	0.124	-0.132	9.693	still20
1148	1548367848621	0.096	-0.153	9.674	still20
1149	1548367848639	0.122	-0.124	9.686	still20
1150	1548367848657	0.1	-0.144	9.681	still20
1151	1548367848678	0.11	-0.136	9.686	still20
1152	1548367848696	0.091	-0.144	9.684	still20
1153	1548367848714	0.091	-0.132	9.669	still20
1154	1548367848734	0.091	-0.151	9.689	still20
1155	1548367848753	0.11	-0.139	9.698	still20
1156	1548367848772	0.108	-0.136	9.674	still20
1157	1548367848794	0.105	-0.129	9.677	still20
1158	1548367848811	0.12	-0.132	9.691	still20
1159	1548367848831	0.096	-0.139	9.691	still20
1160	1548367848851	0.132	-0.129	9.701	still20
1161	1548367848869	0.112	-0.134	9.686	still20
1162	1548367848889	0.096	-0.141	9.689	still20
1163	1548367848909	0.098	-0.148	9.672	still20
1164	1548367848925	0.093	-0.146	9.679	still20
1165	1548367848943	0.098	-0.141	9.681	still20
1166	1548367848962	0.1	-0.151	9.677	still20
1167	1548367848982	0.129	-0.117	9.686	still20
1168	1548367849002	0.098	-0.16	9.669	still20
1169	1548367849021	0.105	-0.141	9.672	still20
1170	1548367849038	0.098	-0.153	9.674	still20
1171	1548367849060	0.124	-0.132	9.701	still20
1172	1548367849079	0.1	-0.148	9.677	still20
1173	1548367849097	0.096	-0.151	9.669	still20
1174	1548367849115	0.117	-0.132	9.686	still20
1175	1548367849138	0.093	-0.148	9.674	still20
1176	1548367849151	0.117	-0.141	9.686	still20
1177	1548367849170	0.103	-0.136	9.686	still20
1178	1548367849197	0.093	-0.151	9.672	still20
1179	1548367849210	0.11	-0.136	9.679	still20
1180	1548367849227	0.096	-0.141	9.693	still20
1181	1548367849245	0.11	-0.134	9.693	still20
1182	1548367849265	0.124	-0.124	9.691	still20
1183	1548367849284	0.103	-0.163	9.667	still20
1184	1548367849305	0.117	-0.136	9.691	still20
1185	1548367849320	0.096	-0.136	9.672	still20
1186	1548367849340	0.122	-0.134	9.698	still20
1187	1548367849360	0.11	-0.134	9.679	still20
1188	1548367849378	0.117	-0.127	9.698	still20
1189	1548367849398	0.12	-0.156	9.657	still20
1190	1548367849417	0.115	-0.129	9.691	still20
1191	1548367849437	0.124	-0.115	9.681	still20
1192	1548367849456	0.098	-0.148	9.686	still20
1193	1548367849475	0.11	-0.134	9.696	still20
1194	1548367849493	0.12	-0.129	9.689	still20
1195	1548367849512	0.117	-0.129	9.681	still20
1196	1548367849531	0.098	-0.151	9.672	still20
1197	1548367849550	0.089	-0.148	9.684	still20
1198	1548367849568	0.093	-0.146	9.691	still20
1199	1548367849587	0.117	-0.127	9.684	still20
1200	1548367849607	0.096	-0.148	9.672	still20
1201	1548367849629	0.1	-0.136	9.674	still20
1202	1548367849645	0.117	-0.124	9.686	still20
1203	1548367849665	0.1	-0.148	9.677	still20
1204	1548367849684	0.122	-0.132	9.696	still20
1205	1548367849705	0.103	-0.16	9.662	still20
1206	1548367849723	0.117	-0.134	9.701	still20
1207	1548367849743	0.098	-0.148	9.681	still20
1208	1548367849762	0.096	-0.144	9.667	still20
1209	1548367849781	0.096	-0.134	9.66	still20
1210	1548367849802	0.098	-0.146	9.669	still20
1211	1548367849820	0.112	-0.12	9.693	still20
1212	1548367849841	0.115	-0.146	9.703	still20
1213	1548367849859	0.1	-0.146	9.679	still20
1214	1548367849878	0.089	-0.153	9.674	still20
1215	1548367849896	0.12	-0.134	9.693	still20
1216	1548367849913	0.117	-0.132	9.681	still20
1217	1548367849933	0.096	-0.144	9.674	still20
1218	1548367849951	0.124	-0.127	9.698	still20
1219	1548367849970	0.086	-0.156	9.696	still20
1220	1548367849990	0.122	-0.139	9.703	still20
1221	1548367850009	0.098	-0.146	9.686	still20
1222	1548367850030	0.096	-0.144	9.684	still20
1223	1548367850050	0.096	-0.151	9.667	still20
1224	1548367850068	0.115	-0.134	9.698	still20
1225	1548367850086	0.098	-0.148	9.662	still20
1226	1548367850107	0.1	-0.141	9.679	still20
1227	1548367850125	0.089	-0.136	9.681	still20
1228	1548367850143	0.11	-0.129	9.679	still20
1229	1548367850165	0.089	-0.163	9.696	still20
1230	1548367850181	0.127	-0.136	9.701	still20
1231	1548367850201	0.108	-0.134	9.681	still20
1232	1548367850222	0.103	-0.136	9.679	still20
1233	1548367850238	0.122	-0.127	9.686	still20
1234	1548367850258	0.11	-0.132	9.698	still20
1235	1548367850279	0.11	-0.163	9.667	still20
1236	1548367850297	0.112	-0.136	9.684	still20
1237	1548367850315	0.12	-0.129	9.698	still20
1238	1548367850333	0.098	-0.148	9.677	still20
1239	1548367850353	0.108	-0.146	9.677	still20
1240	1548367850371	0.12	-0.127	9.684	still20
1241	1548367850391	0.11	-0.129	9.672	still20
1242	1548367850409	0.105	-0.156	9.674	still20
1243	1548367850428	0.12	-0.127	9.679	still20
1244	1548367850447	0.12	-0.132	9.684	still20
1245	1548367850469	0.091	-0.141	9.689	still20
1246	1548367850486	0.105	-0.141	9.689	still20
1247	1548367850505	0.098	-0.153	9.665	still20
1248	1548367850527	0.12	-0.115	9.689	still20
1249	1548367850544	0.122	-0.127	9.693	still20
1250	1548367850563	0.127	-0.12	9.686	still20
1251	1548367850582	0.098	-0.144	9.691	still20
1252	1548367850600	0.089	-0.146	9.681	still20
1253	1548367850621	0.1	-0.151	9.657	still20
1254	1548367850638	0.11	-0.139	9.686	still20
1255	1548367850659	0.124	-0.124	9.686	still20
1256	1548367850676	0.124	-0.134	9.689	still20
1257	1548367850699	0.091	-0.148	9.681	still20
1258	1548367850713	0.112	-0.139	9.686	still20
1259	1548367850732	0.112	-0.132	9.686	still20
1260	1548367850751	0.117	-0.122	9.679	still20
1261	1548367850770	0.122	-0.124	9.691	still20
1262	1548367850791	0.12	-0.12	9.693	still20
1263	1548367850809	0.117	-0.127	9.698	still20
1264	1548367850829	0.122	-0.117	9.689	still20
1265	1548367850848	0.093	-0.139	9.681	still20
1266	1548367850870	0.086	-0.148	9.681	still20
1267	1548367850888	0.12	-0.127	9.681	still20
1268	1548367850905	0.12	-0.144	9.698	still20
1269	1548367850925	0.093	-0.153	9.662	still20
1270	1548367850943	0.108	-0.129	9.674	still20
1271	1548367850962	0.1	-0.136	9.677	still20
1272	1548367850982	0.103	-0.141	9.686	still20
1273	1548367851000	0.1	-0.141	9.681	still20
1274	1548367851020	0.089	-0.148	9.679	still20
1275	1548367851040	0.089	-0.146	9.691	still20
1276	1548367851057	0.11	-0.148	9.672	still20
1277	1548367851077	0.11	-0.153	9.669	still20
1278	1548367851098	0.12	-0.12	9.686	still20
1279	1548367851114	0.122	-0.124	9.693	still20
1280	1548367851133	0.122	-0.122	9.691	still20
1281	1548367851153	0.096	-0.141	9.681	still20
1282	1548367851173	0.086	-0.156	9.684	still20
1283	1548367851192	0.105	-0.132	9.679	still20
1284	1548367851210	0.11	-0.141	9.679	still20
1285	1548367851228	0.103	-0.151	9.669	still20
1286	1548367851249	0.12	-0.134	9.679	still20
1287	1548367851267	0.122	-0.12	9.684	still20
1288	1548367851289	0.122	-0.132	9.691	still20
1289	1548367851307	0.103	-0.124	9.681	still20
1290	1548367851325	0.112	-0.132	9.667	still20
1291	1548367851346	0.115	-0.132	9.693	still20
1292	1548367851362	0.098	-0.139	9.684	still20
1293	1548367851383	0.096	-0.156	9.681	still20
1294	1548367851401	0.091	-0.141	9.665	still20
1295	1548367851419	0.098	-0.156	9.672	still20
1296	1548367851440	0.091	-0.148	9.674	still20
1297	1548367851458	0.1	-0.141	9.679	still20
1298	1548367851476	0.096	-0.146	9.677	still20
1299	1548367851495	0.091	-0.136	9.677	still20
1300	1548367851515	0.1	-0.139	9.679	still20
1301	1548367851534	0.096	-0.144	9.686	still20
1302	1548367851555	0.103	-0.16	9.674	still20
1303	1548367851572	0.115	-0.139	9.689	still20
1304	1548367851592	0.091	-0.144	9.689	still20
1305	1548367851609	0.112	-0.129	9.684	still20
1306	1548367851626	0.11	-0.144	9.662	still20
1307	1548367851646	0.117	-0.144	9.698	still20
1308	1548367851663	0.11	-0.134	9.679	still20
1309	1548367851682	0.12	-0.122	9.691	still20
1310	1548367851702	0.117	-0.127	9.691	still20
1311	1548367851722	0.089	-0.139	9.679	still20
1312	1548367851742	0.117	-0.122	9.686	still20
1313	1548367851761	0.098	-0.148	9.677	still20
1314	1548367851780	0.11	-0.127	9.689	still20
1315	1548367851801	0.086	-0.141	9.681	still20
1316	1548367851817	0.124	-0.127	9.691	still20
1317	1548367851836	0.11	-0.134	9.681	still20
1318	1548367851856	0.103	-0.141	9.65	still20
1319	1548367851875	0.098	-0.144	9.679	still20
1320	1548367851894	0.098	-0.148	9.679	still20
1321	1548367851915	0.103	-0.16	9.665	still20
1322	1548367851935	0.091	-0.146	9.693	still20
1323	1548367851954	0.115	-0.136	9.684	still20
1324	1548367851971	0.105	-0.167	9.662	still20
1325	1548367851992	0.11	-0.136	9.684	still20
1326	1548367852010	0.098	-0.144	9.684	still20
1327	1548367852029	0.105	-0.146	9.669	still20
1328	1548367852048	0.108	-0.134	9.679	still20
1329	1548367852069	0.098	-0.153	9.674	still20
1330	1548367852088	0.096	-0.16	9.672	still20
1331	1548367852108	0.12	-0.127	9.691	still20
1332	1548367852124	0.105	-0.146	9.669	still20
1333	1548367852145	0.122	-0.124	9.691	still20
1334	1548367852161	0.12	-0.146	9.698	still20
1335	1548367852183	0.122	-0.127	9.693	still20
1336	1548367852201	0.112	-0.132	9.686	still20
1337	1548367852221	0.105	-0.146	9.679	still20
1338	1548367852238	0.122	-0.122	9.693	still20
1339	1548367852258	0.084	-0.146	9.686	still20
1340	1548367852275	0.098	-0.136	9.684	still20
1341	1548367852296	0.105	-0.136	9.691	still20
1342	1548367852315	0.117	-0.134	9.693	still20
1343	1548367852335	0.105	-0.139	9.679	still20
1344	1548367852353	0.115	-0.132	9.681	still20
1345	1548367852374	0.105	-0.153	9.674	still20
1346	1548367852394	0.12	-0.134	9.686	still20
1347	1548367852411	0.1	-0.148	9.677	still20
1348	1548367852429	0.105	-0.136	9.674	still20
1349	1548367852450	0.122	-0.122	9.684	still20
1350	1548367852467	0.11	-0.134	9.677	still20
1351	1548367852487	0.096	-0.139	9.674	still20
1352	1548367852506	0.1	-0.141	9.667	still20
1353	1548367852525	0.098	-0.148	9.679	still20
1354	1548367852544	0.11	-0.129	9.684	still20
1355	1548367852564	0.122	-0.12	9.674	still20
1356	1548367852582	0.103	-0.146	9.684	still20
1357	1548367852603	0.124	-0.136	9.705	still20
1358	1548367852621	0.108	-0.134	9.679	still20
1359	1548367852639	0.096	-0.148	9.684	still20
1360	1548367852661	0.1	-0.141	9.684	still20
1361	1548367852677	0.122	-0.12	9.686	still20
1362	1548367852696	0.117	-0.136	9.693	still20
1363	1548367852715	0.124	-0.117	9.684	still20
1364	1548367852734	0.112	-0.139	9.691	still20
1365	1548367852755	0.105	-0.141	9.689	still20
1366	1548367852773	0.089	-0.148	9.686	still20
1367	1548367852792	0.12	-0.127	9.691	still20
1368	1548367852811	0.091	-0.146	9.686	still20
1369	1548367852831	0.122	-0.134	9.698	still20
1370	1548367852851	0.084	-0.151	9.691	still20
1371	1548367852868	0.12	-0.139	9.701	still20
1372	1548367852887	0.096	-0.148	9.681	still20
1373	1548367852905	0.12	-0.134	9.684	still20
1374	1548367852924	0.11	-0.124	9.677	still20
1375	1548367852943	0.096	-0.148	9.672	still20
1376	1548367852962	0.122	-0.129	9.691	still20
1377	1548367852981	0.093	-0.144	9.691	still20
1378	1548367853000	0.1	-0.129	9.681	still20
1379	1548367853020	0.105	-0.136	9.677	still20
1380	1548367853039	0.103	-0.136	9.674	still20
1381	1548367853060	0.112	-0.129	9.679	still20
1382	1548367853077	0.1	-0.16	9.684	still20
1383	1548367853096	0.084	-0.141	9.679	still20
1384	1548367853115	0.089	-0.146	9.674	still20
1385	1548367853134	0.098	-0.148	9.669	still20
1386	1548367853152	0.103	-0.141	9.679	still20
1387	1548367853178	0.093	-0.144	9.674	still20
1388	1548367853190	0.11	-0.146	9.662	still20
1389	1548367853207	0.105	-0.146	9.672	still20
1390	1548367853227	0.12	-0.132	9.677	still20
1391	1548367853248	0.093	-0.151	9.681	still20
1392	1548367853269	0.093	-0.153	9.679	still20
1393	1548367853286	0.098	-0.141	9.677	still20
1394	1548367853306	0.105	-0.139	9.674	still20
1395	1548367853324	0.115	-0.139	9.684	still20
1396	1548367853344	0.086	-0.153	9.696	still20
1397	1548367853365	0.098	-0.144	9.677	still20
1398	1548367853383	0.124	-0.129	9.686	still20
1399	1548367853401	0.098	-0.151	9.669	still20
1400	1548367853420	0.117	-0.129	9.696	still20
1401	1548367853439	0.105	-0.16	9.669	still20
1402	1548367853458	0.096	-0.141	9.679	still20
1403	1548367853475	0.096	-0.153	9.684	still20
1404	1548367853494	0.105	-0.129	9.674	still20
1405	1548367853513	0.098	-0.141	9.679	still20
1406	1548367853531	0.086	-0.139	9.689	still20
1407	1548367853551	0.117	-0.129	9.672	still20
1408	1548367853573	0.093	-0.151	9.686	still20
1409	1548367853592	0.12	-0.129	9.693	still20
1410	1548367853613	0.112	-0.136	9.679	still20
1411	1548367853629	0.103	-0.136	9.681	still20
1412	1548367853653	0.122	-0.129	9.689	still20
1413	1548367853665	0.12	-0.141	9.71	still20
1414	1548367853694	0.105	-0.136	9.679	still20
1415	1548367853705	0.122	-0.127	9.684	still20
1416	1548367853723	0.103	-0.139	9.679	still20
1417	1548367853743	0.096	-0.153	9.674	still20
1418	1548367853762	0.127	-0.129	9.693	still20
1419	1548367853781	0.098	-0.141	9.681	still20
1420	1548367853802	0.103	-0.148	9.669	still20
1421	1548367853820	0.117	-0.134	9.689	still20
1422	1548367853840	0.115	-0.139	9.698	still20
1423	1548367853859	0.098	-0.141	9.655	still20
1424	1548367853879	0.093	-0.148	9.681	still20
1425	1548367853898	0.124	-0.141	9.712	still20
1426	1548367853915	0.117	-0.132	9.681	still20
1427	1548367853934	0.103	-0.151	9.679	still20
1428	1548367853954	0.132	-0.127	9.691	still20
1429	1548367853973	0.098	-0.153	9.677	still20
1430	1548367853993	0.098	-0.144	9.677	still20
1431	1548367854010	0.1	-0.146	9.677	still20
1432	1548367854030	0.096	-0.139	9.689	still20
1433	1548367854048	0.108	-0.139	9.679	still20
1434	1548367854067	0.12	-0.136	9.705	still20
1435	1548367854085	0.127	-0.132	9.703	still20
1436	1548367854105	0.11	-0.134	9.677	still20
1437	1548367854123	0.103	-0.141	9.677	still20
1438	1548367854143	0.091	-0.156	9.693	still20
1439	1548367854162	0.12	-0.136	9.679	still20
1440	1548367854183	0.105	-0.132	9.674	still20
1441	1548367854201	0.11	-0.136	9.681	still20
1442	1548367854221	0.12	-0.141	9.693	still20
1443	1548367854239	0.122	-0.132	9.698	still20
1444	1548367854259	0.112	-0.129	9.677	still20
1445	1548367854279	0.122	-0.136	9.693	still20
1446	1548367854295	0.096	-0.139	9.684	still20
1447	1548367854313	0.108	-0.139	9.677	still20
1448	1548367854332	0.093	-0.153	9.691	still20
1449	1548367854353	0.096	-0.148	9.681	still20
1450	1548367854370	0.093	-0.132	9.681	still20
1451	1548367854391	0.089	-0.148	9.679	still20
1452	1548367854410	0.096	-0.141	9.679	still20
1453	1548367854431	0.117	-0.144	9.696	still20
1454	1548367854446	0.096	-0.153	9.674	still20
1455	1548367854466	0.091	-0.146	9.677	still20
1456	1548367854486	0.103	-0.141	9.677	still20
1457	1548367854505	0.108	-0.153	9.672	still20
1458	1548367854522	0.12	-0.132	9.684	still20
1459	1548367854542	0.12	-0.129	9.679	still20
1460	1548367854562	0.098	-0.156	9.672	still20
1461	1548367854581	0.105	-0.141	9.662	still20
1462	1548367854600	0.112	-0.132	9.674	still20
1463	1548367854620	0.117	-0.127	9.698	still20
1464	1548367854636	0.124	-0.141	9.712	still20
1465	1548367854655	0.124	-0.129	9.698	still20
1466	1548367854675	0.115	-0.134	9.703	still20
1467	1548367854695	0.108	-0.139	9.679	still20
1468	1548367854713	0.1	-0.151	9.672	still20
1469	1548367854731	0.12	-0.129	9.686	still20
1470	1548367854750	0.098	-0.146	9.686	still20
1471	1548367854770	0.129	-0.129	9.703	still20
1472	1548367854790	0.115	-0.144	9.701	still20
1473	1548367854810	0.12	-0.129	9.693	still20
1474	1548367854828	0.122	-0.129	9.693	still20
1475	1548367854850	0.117	-0.127	9.681	still20
1476	1548367854868	0.112	-0.134	9.679	still20
1477	1548367854889	0.108	-0.129	9.681	still20
1478	1548367854906	0.127	-0.124	9.689	still20
1479	1548367854925	0.11	-0.139	9.686	still20
1480	1548367854943	0.091	-0.141	9.677	still20
1481	1548367854962	0.086	-0.151	9.681	still20
1482	1548367854982	0.103	-0.151	9.669	still20
1483	1548367855001	0.122	-0.12	9.693	still20
1484	1548367855019	0.124	-0.129	9.701	still20
1485	1548367855038	0.12	-0.132	9.689	still20
1486	1548367855057	0.086	-0.148	9.677	still20
1487	1548367855076	0.124	-0.132	9.696	still20
1488	1548367855098	0.124	-0.139	9.698	still20
1489	1548367855118	0.091	-0.146	9.677	still20
1490	1548367855134	0.129	-0.127	9.696	still20
1491	1548367855153	0.124	-0.124	9.689	still20
1492	1548367855172	0.098	-0.144	9.665	still20
1493	1548367855195	0.105	-0.141	9.679	still20
1494	1548367855209	0.086	-0.146	9.674	still20
1495	1548367855226	0.086	-0.151	9.684	still20
1496	1548367855245	0.11	-0.129	9.674	still20
1497	1548367855265	0.12	-0.134	9.691	still20
1498	1548367855285	0.105	-0.141	9.677	still20
1499	1548367855304	0.105	-0.129	9.672	still20
1500	1548367855325	0.103	-0.151	9.662	still20
1501	1548367855344	0.103	-0.153	9.662	still20
1502	1548367855364	0.108	-0.136	9.681	still20
1503	1548367855382	0.11	-0.139	9.672	still20
1504	1548367855403	0.098	-0.148	9.679	still20
1505	1548367855422	0.122	-0.134	9.701	still20
1506	1548367855439	0.1	-0.151	9.677	still20
1507	1548367855459	0.115	-0.127	9.679	still20
1508	1548367855477	0.11	-0.134	9.681	still20
1509	1548367855496	0.093	-0.146	9.691	still20
1510	1548367855515	0.096	-0.141	9.681	still20
1511	1548367855534	0.098	-0.148	9.669	still20
1512	1548367855556	0.093	-0.146	9.662	still20
1513	1548367855572	0.103	-0.156	9.665	still20
1514	1548367855591	0.112	-0.124	9.686	still20
1515	1548367855611	0.098	-0.144	9.681	still20
1516	1548367855630	0.103	-0.132	9.686	still20
1517	1548367855648	0.117	-0.134	9.698	still20
1518	1548367855668	0.1	-0.141	9.684	still20
1519	1548367855685	0.086	-0.146	9.681	still20
1520	1548367855706	0.12	-0.127	9.698	still20
1521	1548367855723	0.112	-0.136	9.677	still20
1522	1548367855743	0.096	-0.144	9.689	still20
1523	1548367855761	0.096	-0.136	9.674	still20
1524	1548367855780	0.108	-0.122	9.681	still20
1525	1548367855800	0.096	-0.16	9.662	still20
1526	1548367855820	0.091	-0.146	9.689	still20
1527	1548367855842	0.093	-0.136	9.677	still20
1528	1548367855858	0.108	-0.136	9.677	still20
1529	1548367855879	0.12	-0.134	9.689	still20
1530	1548367855896	0.098	-0.136	9.672	still20
1531	1548367855918	0.129	-0.132	9.701	still20
1532	1548367855935	0.098	-0.144	9.681	still20
1533	1548367855954	0.112	-0.136	9.684	still20
1534	1548367855972	0.098	-0.141	9.674	still20
1535	1548367855992	0.103	-0.136	9.679	still20
1536	1548367856010	0.108	-0.151	9.667	still20
1537	1548367856033	0.098	-0.151	9.686	still20
1538	1548367856048	0.122	-0.134	9.686	still20
1539	1548367856066	0.11	-0.132	9.684	still20
1540	1548367856083	0.096	-0.148	9.657	still20
1541	1548367856102	0.124	-0.132	9.689	still20
1542	1548367856121	0.098	-0.146	9.674	still20
1543	1548367856141	0.098	-0.148	9.689	still20
1544	1548367856159	0.117	-0.132	9.689	still20
1545	1548367856178	0.115	-0.132	9.686	still20
1546	1548367856197	0.096	-0.141	9.693	still20
1547	1548367856217	0.108	-0.134	9.686	still20
1548	1548367856236	0.115	-0.129	9.681	still20
1549	1548367856258	0.122	-0.146	9.705	still20
1550	1548367856275	0.124	-0.129	9.691	still20
1551	1548367856294	0.108	-0.132	9.677	still20
1552	1548367856315	0.105	-0.148	9.669	still20
1553	1548367856333	0.096	-0.144	9.672	still20
1554	1548367856352	0.096	-0.153	9.684	still20
1555	1548367856372	0.093	-0.153	9.669	still20
1556	1548367856392	0.1	-0.136	9.684	still20
1557	1548367856411	0.098	-0.151	9.679	still20
1558	1548367856430	0.12	-0.132	9.686	still20
1559	1548367856449	0.1	-0.158	9.667	still20
1560	1548367856468	0.122	-0.136	9.698	still20
1561	1548367856488	0.115	-0.127	9.689	still20
1562	1548367856507	0.105	-0.151	9.667	still20
1563	1548367856525	0.1	-0.151	9.677	still20
1564	1548367856544	0.105	-0.134	9.679	still20
1565	1548367856563	0.12	-0.127	9.686	still20
1566	1548367856586	0.108	-0.132	9.681	still20
1567	1548367856600	0.091	-0.12	9.672	still20
1568	1548367856622	0.122	-0.129	9.696	still20
1569	1548367856636	0.105	-0.139	9.655	still20
1570	1548367856656	0.093	-0.148	9.667	still20
1571	1548367856675	0.096	-0.129	9.667	still20
1572	1548367856700	0.096	-0.151	9.689	still20
1573	1548367856711	0.096	-0.136	9.679	still20
1574	1548367856731	0.105	-0.139	9.686	still20
1575	1548367856750	0.117	-0.122	9.691	still20
1576	1548367856768	0.1	-0.141	9.674	still20
1577	1548367856790	0.084	-0.146	9.681	still20
1578	1548367856808	0.11	-0.136	9.677	still20
1579	1548367856828	0.11	-0.127	9.679	still20
1580	1548367856846	0.096	-0.148	9.681	still20
1581	1548367856865	0.117	-0.12	9.689	still20
1582	1548367856888	0.12	-0.122	9.696	still20
1583	1548367856905	0.096	-0.148	9.679	still20
1584	1548367856926	0.091	-0.146	9.677	still20
1585	1548367856944	0.105	-0.141	9.679	still20
1586	1548367856963	0.122	-0.129	9.691	still20
1587	1548367856981	0.124	-0.124	9.693	still20
1588	1548367857000	0.1	-0.146	9.679	still20
1589	1548367857019	0.098	-0.148	9.674	still20
1590	1548367857037	0.124	-0.132	9.696	still20
1591	1548367857056	0.11	-0.136	9.681	still20
1592	1548367857076	0.105	-0.132	9.681	still20
1593	1548367857098	0.122	-0.132	9.689	still20
1594	1548367857116	0.117	-0.132	9.681	still20
1595	1548367857134	0.096	-0.156	9.681	still20
1596	1548367857153	0.1	-0.136	9.679	still20
1597	1548367857173	0.108	-0.134	9.674	still20
1598	1548367857192	0.105	-0.153	9.696	still20
1599	1548367857210	0.122	-0.132	9.696	still20
1600	1548367857231	0.124	-0.132	9.698	still20
1601	1548367857251	0.105	-0.129	9.679	still20
1602	1548367857268	0.112	-0.136	9.679	still20
1603	1548367857287	0.127	-0.136	9.693	still20
1604	1548367857308	0.11	-0.139	9.681	still20
1605	1548367857327	0.096	-0.156	9.684	still20
1606	1548367857345	0.124	-0.124	9.696	still20
1607	1548367857363	0.122	-0.132	9.689	still20
1608	1548367857381	0.103	-0.139	9.689	still20
1609	1548367857400	0.096	-0.144	9.686	still20
1610	1548367857418	0.115	-0.134	9.686	still20
1611	1548367857437	0.108	-0.136	9.681	still20
1612	1548367857456	0.098	-0.148	9.681	still20
1613	1548367857475	0.108	-0.136	9.684	still20
1614	1548367857495	0.096	-0.141	9.689	still20
1615	1548367857515	0.112	-0.129	9.681	still20
1616	1548367857533	0.117	-0.127	9.689	still20
1617	1548367857553	0.124	-0.127	9.691	still20
1618	1548367857572	0.11	-0.132	9.684	still20
1619	1548367857592	0.103	-0.141	9.672	still20
1620	1548367857613	0.098	-0.156	9.681	still20
1621	1548367857630	0.1	-0.146	9.689	still20
1622	1548367857651	0.12	-0.122	9.689	still20
1623	1548367857671	0.098	-0.144	9.686	still20
1624	1548367857687	0.115	-0.132	9.677	still20
1625	1548367857706	0.12	-0.153	9.71	still20
1626	1548367857727	0.093	-0.136	9.672	still20
1627	1548367857747	0.122	-0.12	9.679	still20
1628	1548367857763	0.122	-0.136	9.698	still20
1629	1548367857782	0.115	-0.134	9.677	still20
1630	1548367857802	0.124	-0.127	9.684	still20
1631	1548367857821	0.122	-0.136	9.693	still20
1632	1548367857839	0.117	-0.136	9.708	still20
1633	1548367857858	0.12	-0.136	9.696	still20
1634	1548367857877	0.108	-0.136	9.691	still20
1635	1548367857896	0.108	-0.136	9.679	still20
1636	1548367857915	0.105	-0.134	9.677	still20
1637	1548367857934	0.096	-0.136	9.674	still20
1638	1548367857955	0.117	-0.144	9.698	still20
1639	1548367857973	0.11	-0.132	9.705	still20
1640	1548367857992	0.098	-0.156	9.672	still20
1641	1548367858017	0.089	-0.139	9.684	still20
1642	1548367858031	0.1	-0.153	9.677	still20
1643	1548367858049	0.12	-0.129	9.686	still20
1644	1548367858068	0.098	-0.132	9.674	still20
1645	1548367858087	0.112	-0.139	9.689	still20
1646	1548367858106	0.117	-0.127	9.689	still20
1647	1548367858127	0.098	-0.146	9.681	still20
1648	1548367858145	0.098	-0.144	9.674	still20
1649	1548367858163	0.115	-0.122	9.691	still20
1650	1548367858181	0.084	-0.146	9.681	still20
1651	1548367858207	0.098	-0.146	9.679	still20
1652	1548367858219	0.112	-0.122	9.689	still20
1653	1548367858237	0.1	-0.141	9.681	still20
1654	1548367858256	0.1	-0.146	9.677	still20
1655	1548367858276	0.112	-0.136	9.674	still20
1656	1548367858296	0.11	-0.132	9.679	still20
1657	1548367858314	0.12	-0.136	9.703	still20
1658	1548367858333	0.1	-0.139	9.693	still20
1659	1548367858353	0.1	-0.146	9.669	still20
1660	1548367858374	0.115	-0.134	9.686	still20
1661	1548367858391	0.105	-0.141	9.677	still20
1662	1548367858412	0.12	-0.132	9.691	still20
1663	1548367858432	0.105	-0.156	9.667	still20
1664	1548367858450	0.089	-0.148	9.681	still20
1665	1548367858469	0.12	-0.136	9.698	still20
1666	1548367858488	0.108	-0.16	9.667	still20
1667	1548367858507	0.12	-0.127	9.686	still20
1668	1548367858525	0.086	-0.146	9.689	still20
1669	1548367858543	0.117	-0.132	9.689	still20
1670	1548367858561	0.091	-0.136	9.672	still20
1671	1548367858580	0.12	-0.139	9.71	still20
1672	1548367858599	0.091	-0.146	9.684	still20
1673	1548367858618	0.096	-0.146	9.669	still20
1674	1548367858637	0.096	-0.141	9.686	still20
1675	1548367858658	0.105	-0.134	9.677	still20
1676	1548367858678	0.115	-0.136	9.698	still20
1677	1548367858698	0.1	-0.146	9.677	still20
1678	1548367858715	0.12	-0.144	9.703	still20
1679	1548367858735	0.112	-0.127	9.686	still20
1680	1548367858754	0.108	-0.134	9.689	still20
1681	1548367858773	0.098	-0.148	9.689	still20
1682	1548367858792	0.11	-0.134	9.677	still20
1683	1548367858812	0.117	-0.136	9.686	still20
1684	1548367858827	0.108	-0.136	9.679	still20
1685	1548367858845	0.12	-0.122	9.679	still20
1686	1548367858864	0.103	-0.136	9.679	still20
1687	1548367858884	0.1	-0.148	9.674	still20
1688	1548367858903	0.115	-0.127	9.691	still20
1689	1548367858924	0.115	-0.134	9.693	still20
